排名,热搜词条,热度,分类,标签,链接,创建时间
1,打工人必学的0科技预制菜,0,无,,https://www.xiaohongshu.com/search_result?keyword=打工人必学的0科技预制菜&source=web_search_result_notes,2025-09-17 03:46:38
2,前奏一响 毛利兰请你平躺,0,梗,,https://www.xiaohongshu.com/search_result?keyword=前奏一响 毛利兰请你平躺&source=web_search_result_notes,2025-09-17 03:46:38
3,其实我女儿是一种台风,0,无,,https://www.xiaohongshu.com/search_result?keyword=其实我女儿是一种台风&source=web_search_result_notes,2025-09-17 03:46:38
4,小米17 Pro官宣背屏设计,0,无,,https://www.xiaohongshu.com/search_result?keyword=小米17 Pro官宣背屏设计&source=web_search_result_notes,2025-09-17 03:46:38
5,这季花少叫赐婚季算了,0,无,,https://www.xiaohongshu.com/search_result?keyword=这季花少叫赐婚季算了&source=web_search_result_notes,2025-09-17 03:46:38
6,高校学费集体上涨,0,无,,https://www.xiaohongshu.com/search_result?keyword=高校学费集体上涨&source=web_search_result_notes,2025-09-17 03:46:38
7,它只是只小狗 它能撒谎吗,0,无,,https://www.xiaohongshu.com/search_result?keyword=它只是只小狗 它能撒谎吗&source=web_search_result_notes,2025-09-17 03:46:38
8,iOS 26让普通照片秒变3D照,0,新,,https://www.xiaohongshu.com/search_result?keyword=iOS 26让普通照片秒变3D照&source=web_search_result_notes,2025-09-17 03:46:38
9,王乐晨卢远 年龄差带来的张力,0,热,,https://www.xiaohongshu.com/search_result?keyword=王乐晨卢远 年龄差带来的张力&source=web_search_result_notes,2025-09-17 03:46:38
10,我妈退休2年后去欧洲留学了,0,热,,https://www.xiaohongshu.com/search_result?keyword=我妈退休2年后去欧洲留学了&source=web_search_result_notes,2025-09-17 03:46:38
11,正宗猫山王榴莲,0,无,,https://www.xiaohongshu.com/search_result?keyword=正宗猫山王榴莲&source=web_search_result_notes,2025-09-17 03:46:38
12,你怎么知道白敬亭对着我唱歌了,0,热,,https://www.xiaohongshu.com/search_result?keyword=你怎么知道白敬亭对着我唱歌了&source=web_search_result_notes,2025-09-17 03:46:38
13,女生癌症晚期选择环球硬核旅行,0,无,,https://www.xiaohongshu.com/search_result?keyword=女生癌症晚期选择环球硬核旅行&source=web_search_result_notes,2025-09-17 03:46:38
14,没有舞蹈天赋 那就反复跳,0,无,,https://www.xiaohongshu.com/search_result?keyword=没有舞蹈天赋 那就反复跳&source=web_search_result_notes,2025-09-17 03:46:38
15,墙绘也有裸眼3D版了,0,无,,https://www.xiaohongshu.com/search_result?keyword=墙绘也有裸眼3D版了&source=web_search_result_notes,2025-09-17 03:46:38
16,俄乌冲突谈判进程陷入暂停,0,无,,https://www.xiaohongshu.com/search_result?keyword=俄乌冲突谈判进程陷入暂停&source=web_search_result_notes,2025-09-17 03:46:38
17,赴山海抽象演绎大赛开启,0,无,,https://www.xiaohongshu.com/search_result?keyword=赴山海抽象演绎大赛开启&source=web_search_result_notes,2025-09-17 03:46:38
18,人大刚子的粉丝数超过了人大官方,0,无,,https://www.xiaohongshu.com/search_result?keyword=人大刚子的粉丝数超过了人大官方&source=web_search_result_notes,2025-09-17 03:46:38
19,罗永浩回应华与华被质疑,0,无,,https://www.xiaohongshu.com/search_result?keyword=罗永浩回应华与华被质疑&source=web_search_result_notes,2025-09-17 03:46:38
20,70岁的我得到陈冲的鼓励,0,独家,,https://www.xiaohongshu.com/search_result?keyword=70岁的我得到陈冲的鼓励&source=web_search_result_notes,2025-09-17 03:46:38
